CPU%,RAM_USADA,RAM_LIVRE,RAM_TOTAL
1.1%,0.449944 GB,13.1774 GB,14.6125 GB
1.1%,0.450287 GB,13.1773 GB,14.6125 GB
1.1%,0.44989 GB,13.1774 GB,14.6125 GB
1.3%,0.449959 GB,13.1774 GB,14.6125 GB
1.3%,0.449539 GB,13.1778 GB,14.6125 GB
1.2%,0.450352 GB,13.1772 GB,14.6125 GB
1.2%,0.45005 GB,13.1775 GB,14.6125 GB
1.2%,0.44978 GB,13.1778 GB,14.6125 GB
1.2%,0.450111 GB,13.1772 GB,14.6125 GB
1.2%,0.449966 GB,13.1776 GB,14.6125 GB
1.2%,0.450237 GB,13.1773 GB,14.6125 GB
1.2%,0.449741 GB,13.1778 GB,14.6125 GB
1.2%,0.449772 GB,13.1778 GB,14.6125 GB
1.2%,0.450058 GB,13.1775 GB,14.6125 GB
1.2%,0.450352 GB,13.1769 GB,14.6125 GB
1.2%,0.450512 GB,13.177 GB,14.6125 GB
1.2%,0.450672 GB,13.1771 GB,14.6125 GB
1.2%,0.45089 GB,13.1766 GB,14.6125 GB
1.3%,0.450966 GB,13.1766 GB,14.6125 GB
1.2%,0.450539 GB,13.177 GB,14.6125 GB
1.2%,0.450081 GB,13.1772 GB,14.6125 GB
1.2%,0.450111 GB,13.1774 GB,14.6125 GB
1.2%,0.45063 GB,13.1772 GB,14.6125 GB
1.3%,0.449921 GB,13.1779 GB,14.6125 GB
1.2%,0.450241 GB,13.1773 GB,14.6125 GB
1.2%,0.450489 GB,13.177 GB,14.6125 GB
1.2%,0.449924 GB,13.1773 GB,14.6125 GB
1.2%,0.449848 GB,13.1774 GB,14.6125 GB
1.3%,0.450211 GB,13.1773 GB,14.6125 GB
1.2%,0.44976 GB,13.1775 GB,14.6125 GB
1.2%,0.450039 GB,13.1775 GB,14.6125 GB
1.3%,0.450092 GB,13.1772 GB,14.6125 GB
1.3%,0.450199 GB,13.1771 GB,14.6125 GB
1.3%,0.450531 GB,13.1767 GB,14.6125 GB
1.2%,0.450577 GB,13.1767 GB,14.6125 GB
1.2%,0.450417 GB,13.1771 GB,14.6125 GB
1.2%,0.450169 GB,13.1773 GB,14.6125 GB
1.2%,0.450455 GB,13.1768 GB,14.6125 GB
1.3%,0.450081 GB,13.1774 GB,14.6125 GB
1.3%,0.450119 GB,13.1774 GB,14.6125 GB
1.3%,0.450001 GB,13.178 GB,14.6125 GB
1.3%,0.450256 GB,13.1773 GB,14.6125 GB
1.3%,0.450684 GB,13.1771 GB,14.6125 GB
1.2%,0.451344 GB,13.1764 GB,14.6125 GB
1.3%,0.451157 GB,13.1764 GB,14.6125 GB
1.3%,0.450962 GB,13.1768 GB,14.6125 GB
1.3%,0.450577 GB,13.1769 GB,14.6125 GB
1.3%,0.45018 GB,13.1771 GB,14.6125 GB
1.2%,0.45015 GB,13.1773 GB,14.6125 GB
1.2%,0.45015 GB,13.1768 GB,14.6125 GB
1.3%,0.450325 GB,13.1772 GB,14.6125 GB
1.3%,0.450661 GB,13.1768 GB,14.6125 GB
1.3%,0.450745 GB,13.1767 GB,14.6125 GB
1.2%,0.451054 GB,13.1764 GB,14.6125 GB
1.2%,0.450596 GB,13.1769 GB,14.6125 GB
1.3%,0.451153 GB,13.1763 GB,14.6125 GB
1.3%,0.450672 GB,13.1768 GB,14.6125 GB
1.3%,0.451237 GB,13.1765 GB,14.6125 GB
1.3%,0.451176 GB,13.1763 GB,14.6125 GB
1.2%,0.451077 GB,13.1761 GB,14.6125 GB
1.2%,0.450844 GB,13.1761 GB,14.6125 GB
1.2%,0.451385 GB,13.1761 GB,14.6125 GB
1.2%,0.451508 GB,13.176 GB,14.6125 GB
1.2%,0.451832 GB,13.1754 GB,14.6125 GB
1.2%,0.451427 GB,13.1763 GB,14.6125 GB
1.2%,0.451721 GB,13.1758 GB,14.6125 GB
1.2%,0.451496 GB,13.1762 GB,14.6125 GB
1.2%,0.450981 GB,13.1765 GB,14.6125 GB
1.1%,0.450935 GB,13.1766 GB,14.6125 GB
1.2%,0.451214 GB,13.1762 GB,14.6125 GB
1.2%,0.45153 GB,13.1759 GB,14.6125 GB
1.2%,0.452042 GB,13.1757 GB,14.6125 GB
1.2%,0.452179 GB,13.1753 GB,14.6125 GB
1.2%,0.452271 GB,13.1752 GB,14.6125 GB
1.2%,0.452301 GB,13.1749 GB,14.6125 GB
1.2%,0.452316 GB,13.1752 GB,14.6125 GB
1.2%,0.451473 GB,13.1757 GB,14.6125 GB
1.2%,0.451374 GB,13.1761 GB,14.6125 GB
1.2%,0.451458 GB,13.1762 GB,14.6125 GB
1.2%,0.451389 GB,13.1761 GB,14.6125 GB
1.2%,0.451229 GB,13.1762 GB,14.6125 GB
1.2%,0.450974 GB,13.1765 GB,14.6125 GB
1.2%,0.451515 GB,13.1759 GB,14.6125 GB
1.2%,0.451126 GB,13.1763 GB,14.6125 GB
1.2%,0.451561 GB,13.1759 GB,14.6125 GB
1.2%,0.45163 GB,13.1756 GB,14.6125 GB
1.2%,0.451729 GB,13.1757 GB,14.6125 GB
1.2%,0.451775 GB,13.1756 GB,14.6125 GB
1.2%,0.451023 GB,13.1762 GB,14.6125 GB
1.2%,0.451202 GB,13.1765 GB,14.6125 GB
1.2%,0.450817 GB,13.1761 GB,14.6125 GB
1.2%,0.451183 GB,13.1757 GB,14.6125 GB
1.2%,0.451206 GB,13.1762 GB,14.6125 GB
1.2%,0.451462 GB,13.176 GB,14.6125 GB
1.2%,0.451855 GB,13.1756 GB,14.6125 GB
1.2%,0.452087 GB,13.1756 GB,14.6125 GB
1.2%,0.451935 GB,13.1755 GB,14.6125 GB
1.2%,0.452282 GB,13.1752 GB,14.6125 GB
1.2%,0.451786 GB,13.1756 GB,14.6125 GB
1.2%,0.451839 GB,13.1756 GB,14.6125 GB
1.2%,0.45163 GB,13.1755 GB,14.6125 GB
1.2%,0.451797 GB,13.1756 GB,14.6125 GB
1.2%,0.451603 GB,13.1756 GB,14.6125 GB
1.2%,0.451542 GB,13.1759 GB,14.6125 GB
1.2%,0.451782 GB,13.1756 GB,14.6125 GB
1.2%,0.451763 GB,13.1754 GB,14.6125 GB
1.2%,0.452057 GB,13.1753 GB,14.6125 GB
1.2%,0.451561 GB,13.1756 GB,14.6125 GB
1.2%,0.451344 GB,13.176 GB,14.6125 GB
1.2%,0.446732 GB,13.1804 GB,14.6125 GB
1.2%,0.447372 GB,13.18 GB,14.6125 GB
1.2%,0.446793 GB,13.1798 GB,14.6125 GB
1.2%,0.447273 GB,13.1801 GB,14.6125 GB
1.2%,0.44701 GB,13.1804 GB,14.6125 GB
1.2%,0.447056 GB,13.1803 GB,14.6125 GB
1.2%,0.446892 GB,13.1805 GB,14.6125 GB
1.2%,0.446449 GB,13.1807 GB,14.6125 GB
1.2%,0.447254 GB,13.1799 GB,14.6125 GB
1.2%,0.446831 GB,13.1805 GB,14.6125 GB
1.2%,0.447456 GB,13.1804 GB,14.6125 GB
1.2%,0.446667 GB,13.1805 GB,14.6125 GB
1.1%,0.447533 GB,13.1798 GB,14.6125 GB
1.1%,0.446968 GB,13.1804 GB,14.6125 GB
1.1%,0.447472 GB,13.1799 GB,14.6125 GB
1.1%,0.447208 GB,13.1802 GB,14.6125 GB
1.1%,0.447021 GB,13.1803 GB,14.6125 GB
1.1%,0.44733 GB,13.18 GB,14.6125 GB
1.1%,0.446499 GB,13.1806 GB,14.6125 GB
1.1%,0.447124 GB,13.1802 GB,14.6125 GB
1.1%,0.44738 GB,13.18 GB,14.6125 GB
1.1%,0.447651 GB,13.1797 GB,14.6125 GB
1.1%,0.447231 GB,13.1796 GB,14.6125 GB
1.1%,0.446884 GB,13.1805 GB,14.6125 GB
1.1%,0.447163 GB,13.1802 GB,14.6125 GB
1.1%,0.447334 GB,13.1798 GB,14.6125 GB
1.1%,0.447178 GB,13.1802 GB,14.6125 GB
1.1%,0.448071 GB,13.1795 GB,14.6125 GB
1.1%,0.447922 GB,13.1792 GB,14.6125 GB
1.1%,0.447735 GB,13.1797 GB,14.6125 GB
1.1%,0.447296 GB,13.1798 GB,14.6125 GB
1.1%,0.44759 GB,13.1797 GB,14.6125 GB
1.1%,0.447124 GB,13.1805 GB,14.6125 GB
1.1%,0.446636 GB,13.1805 GB,14.6125 GB
1.1%,0.447193 GB,13.1804 GB,14.6125 GB
1.1%,0.447479 GB,13.1799 GB,14.6125 GB
1.1%,0.447472 GB,13.1799 GB,14.6125 GB
1.1%,0.448261 GB,13.1793 GB,14.6125 GB
1.1%,0.447639 GB,13.1797 GB,14.6125 GB
1.1%,0.447903 GB,13.1794 GB,14.6125 GB
1.1%,0.447956 GB,13.1794 GB,14.6125 GB
1.1%,0.447617 GB,13.1795 GB,14.6125 GB
1.1%,0.447422 GB,13.1797 GB,14.6125 GB
1.1%,0.44706 GB,13.1803 GB,14.6125 GB
1.1%,0.447269 GB,13.18 GB,14.6125 GB
1.1%,0.447666 GB,13.1794 GB,14.6125 GB
1.1%,0.44714 GB,13.1802 GB,14.6125 GB
1.1%,0.447697 GB,13.1796 GB,14.6125 GB
1.1%,0.447479 GB,13.1796 GB,14.6125 GB
1.1%,0.447834 GB,13.1797 GB,14.6125 GB
1.1%,0.447407 GB,13.1799 GB,14.6125 GB
1.1%,0.447655 GB,13.1797 GB,14.6125 GB
1.1%,0.448196 GB,13.1791 GB,14.6125 GB
1.1%,0.448158 GB,13.1791 GB,14.6125 GB
1.1%,0.448444 GB,13.1789 GB,14.6125 GB
1.1%,0.448544 GB,13.1785 GB,14.6125 GB
1.1%,0.448883 GB,13.1787 GB,14.6125 GB
1.1%,0.448463 GB,13.1786 GB,14.6125 GB
1.1%,0.44902 GB,13.1783 GB,14.6125 GB
1.1%,0.44838 GB,13.1786 GB,14.6125 GB
1.1%,0.448448 GB,13.1788 GB,14.6125 GB
1.1%,0.449169 GB,13.1782 GB,14.6125 GB
1.1%,0.448589 GB,13.1789 GB,14.6125 GB
1.1%,0.448109 GB,13.1792 GB,14.6125 GB
1.1%,0.447914 GB,13.1791 GB,14.6125 GB
1.1%,0.447735 GB,13.1793 GB,14.6125 GB
1.1%,0.44836 GB,13.1789 GB,14.6125 GB
1.1%,0.448631 GB,13.1786 GB,14.6125 GB
1.1%,0.448067 GB,13.1792 GB,14.6125 GB
1.1%,0.447906 GB,13.1794 GB,14.6125 GB
1.1%,0.448711 GB,13.1786 GB,14.6125 GB
1.1%,0.448936 GB,13.1789 GB,14.6125 GB
1.1%,0.448307 GB,13.179 GB,14.6125 GB
1.1%,0.448559 GB,13.179 GB,14.6125 GB
1.1%,0.448009 GB,13.179 GB,14.6125 GB
1.1%,0.448349 GB,13.1792 GB,14.6125 GB
1.1%,0.448566 GB,13.1787 GB,14.6125 GB
1.1%,0.448505 GB,13.1788 GB,14.6125 GB
1.1%,0.448273 GB,13.179 GB,14.6125 GB
1.1%,0.448109 GB,13.1794 GB,14.6125 GB
1.1%,0.448402 GB,13.1786 GB,14.6125 GB
1.1%,0.449051 GB,13.1785 GB,14.6125 GB
1.1%,0.448803 GB,13.1782 GB,14.6125 GB
1.1%,0.448849 GB,13.1784 GB,14.6125 GB
1.1%,0.448895 GB,13.1784 GB,14.6125 GB
1.1%,0.449135 GB,13.1779 GB,14.6125 GB
1.1%,0.448986 GB,13.1783 GB,14.6125 GB
1.1%,0.449306 GB,13.1777 GB,14.6125 GB
1.1%,0.449345 GB,13.1779 GB,14.6125 GB
1.1%,0.448959 GB,13.178 GB,14.6125 GB
1.1%,0.448959 GB,13.1781 GB,14.6125 GB
1.1%,0.449463 GB,13.1778 GB,14.6125 GB
1.1%,0.44902 GB,13.1777 GB,14.6125 GB
1.1%,0.448959 GB,13.1785 GB,14.6125 GB
1.1%,0.449627 GB,13.1774 GB,14.6125 GB
1.1%,0.449982 GB,13.1773 GB,14.6125 GB
1.1%,0.450157 GB,13.1771 GB,14.6125 GB
1.1%,0.450157 GB,13.1768 GB,14.6125 GB
1.1%,0.449699 GB,13.1773 GB,14.6125 GB
1.1%,0.449535 GB,13.178 GB,14.6125 GB
1.1%,0.449272 GB,13.1777 GB,14.6125 GB
1.1%,0.450062 GB,13.1772 GB,14.6125 GB
1.1%,0.449841 GB,13.1771 GB,14.6125 GB
1.1%,0.449955 GB,13.177 GB,14.6125 GB
1.1%,0.449722 GB,13.1775 GB,14.6125 GB
1.1%,0.449429 GB,13.1776 GB,14.6125 GB
1.1%,0.449394 GB,13.1778 GB,14.6125 GB
1.1%,0.449085 GB,13.1781 GB,14.6125 GB
1.1%,0.448223 GB,13.1788 GB,14.6125 GB
1.1%,0.448967 GB,13.178 GB,14.6125 GB
1.1%,0.449547 GB,13.1777 GB,14.6125 GB
1.1%,0.449345 GB,13.1777 GB,14.6125 GB
1.1%,0.44912 GB,13.1779 GB,14.6125 GB
1.1%,0.449211 GB,13.178 GB,14.6125 GB
1.1%,0.449226 GB,13.178 GB,14.6125 GB
1.1%,0.449032 GB,13.1782 GB,14.6125 GB
1.1%,0.449039 GB,13.1782 GB,14.6125 GB
1.1%,0.449188 GB,13.178 GB,14.6125 GB
1.1%,0.449512 GB,13.1777 GB,14.6125 GB
1.1%,0.449303 GB,13.1779 GB,14.6125 GB
1.1%,0.449409 GB,13.1778 GB,14.6125 GB
1.1%,0.448704 GB,13.1783 GB,14.6125 GB
1.1%,0.449425 GB,13.1781 GB,14.6125 GB
1.1%,0.44965 GB,13.1776 GB,14.6125 GB
1.1%,0.449764 GB,13.1774 GB,14.6125 GB
1.1%,0.449482 GB,13.1777 GB,14.6125 GB
1.1%,0.449287 GB,13.1779 GB,14.6125 GB
1.1%,0.449581 GB,13.1776 GB,14.6125 GB
1.1%,0.449966 GB,13.1772 GB,14.6125 GB
1.1%,0.449711 GB,13.1775 GB,14.6125 GB
1.1%,0.449238 GB,13.1777 GB,14.6125 GB
1.1%,0.449028 GB,13.1779 GB,14.6125 GB
1.1%,0.44915 GB,13.1778 GB,14.6125 GB
1.1%,0.449188 GB,13.178 GB,14.6125 GB
1.1%,0.448933 GB,13.1782 GB,14.6125 GB
1.1%,0.449707 GB,13.1775 GB,14.6125 GB
1.1%,0.449429 GB,13.1777 GB,14.6125 GB
1.1%,0.449345 GB,13.1776 GB,14.6125 GB
1.1%,0.449444 GB,13.1777 GB,14.6125 GB
1.1%,0.449512 GB,13.1774 GB,14.6125 GB
1.1%,0.450047 GB,13.1771 GB,14.6125 GB
1.1%,0.450191 GB,13.1772 GB,14.6125 GB
1.1%,0.449596 GB,13.1776 GB,14.6125 GB
1.1%,0.449341 GB,13.1778 GB,14.6125 GB
1.1%,0.449207 GB,13.1779 GB,14.6125 GB
1.1%,0.447735 GB,13.1797 GB,14.6125 GB
1.1%,0.447411 GB,13.1793 GB,14.6125 GB
1.1%,0.447987 GB,13.1792 GB,14.6125 GB
1.1%,0.448116 GB,13.1788 GB,14.6125 GB
1.1%,0.448402 GB,13.1787 GB,14.6125 GB
1.1%,0.448231 GB,13.1789 GB,14.6125 GB
1.1%,0.448345 GB,13.1788 GB,14.6125 GB
1.1%,0.448269 GB,13.1789 GB,14.6125 GB
1.1%,0.448299 GB,13.1789 GB,14.6125 GB
1.1%,0.448338 GB,13.1788 GB,14.6125 GB
1.1%,0.44772 GB,13.1792 GB,14.6125 GB
1.1%,0.448254 GB,13.1789 GB,14.6125 GB
1.1%,0.448456 GB,13.1784 GB,14.6125 GB
1.1%,0.448536 GB,13.1786 GB,14.6125 GB
1.1%,0.448372 GB,13.1788 GB,14.6125 GB
1.1%,0.448395 GB,13.179 GB,14.6125 GB
1.1%,0.447884 GB,13.1792 GB,14.6125 GB
1.1%,0.447868 GB,13.1793 GB,14.6125 GB
1.1%,0.447823 GB,13.1793 GB,14.6125 GB
1.1%,0.447769 GB,13.1796 GB,14.6125 GB
1.1%,0.44804 GB,13.1789 GB,14.6125 GB
1.1%,0.448109 GB,13.1793 GB,14.6125 GB
1.1%,0.448433 GB,13.1787 GB,14.6125 GB
1.1%,0.448509 GB,13.1784 GB,14.6125 GB
1.1%,0.448059 GB,13.1786 GB,14.6125 GB
1.1%,0.449173 GB,13.1779 GB,14.6125 GB
1.1%,0.449753 GB,13.1776 GB,14.6125 GB
1.1%,0.449444 GB,13.1774 GB,14.6125 GB
1.1%,0.449341 GB,13.1778 GB,14.6125 GB
1.1%,0.449364 GB,13.178 GB,14.6125 GB
1.1%,0.449192 GB,13.1782 GB,14.6125 GB
1.1%,0.448952 GB,13.1782 GB,14.6125 GB
1.1%,0.448555 GB,13.1783 GB,14.6125 GB
1.1%,0.44836 GB,13.1788 GB,14.6125 GB
1.1%,0.448631 GB,13.1785 GB,14.6125 GB
1.1%,0.448383 GB,13.1787 GB,14.6125 GB
1.1%,0.448795 GB,13.1783 GB,14.6125 GB
1.1%,0.448311 GB,13.1785 GB,14.6125 GB
1.1%,0.44809 GB,13.179 GB,14.6125 GB
1.1%,0.448647 GB,13.1787 GB,14.6125 GB
1.1%,0.448669 GB,13.1787 GB,14.6125 GB
1.1%,0.44894 GB,13.1784 GB,14.6125 GB
1.1%,0.448956 GB,13.1781 GB,14.6125 GB
1.1%,0.449108 GB,13.178 GB,14.6125 GB
1.1%,0.449116 GB,13.178 GB,14.6125 GB
1.1%,0.449657 GB,13.1774 GB,14.6125 GB
1.1%,0.448936 GB,13.1782 GB,14.6125 GB
1.1%,0.448223 GB,13.1786 GB,14.6125 GB
1.1%,0.448509 GB,13.1783 GB,14.6125 GB
1.1%,0.449409 GB,13.1777 GB,14.6125 GB
1.1%,0.449253 GB,13.1778 GB,14.6125 GB
1.1%,0.449162 GB,13.1779 GB,14.6125 GB
1.1%,0.449131 GB,13.1779 GB,14.6125 GB
1.1%,0.448799 GB,13.178 GB,14.6125 GB
1.1%,0.448936 GB,13.1781 GB,14.6125 GB
1.1%,0.448578 GB,13.1785 GB,14.6125 GB
1.1%,0.449188 GB,13.1779 GB,14.6125 GB
1.1%,0.449234 GB,13.1776 GB,14.6125 GB
1.1%,0.44952 GB,13.1773 GB,14.6125 GB
1.1%,0.449543 GB,13.1775 GB,14.6125 GB
1.1%,0.450256 GB,13.1771 GB,14.6125 GB
1.1%,0.450272 GB,13.1768 GB,14.6125 GB
1.1%,0.450005 GB,13.177 GB,14.6125 GB
1.1%,0.449291 GB,13.178 GB,14.6125 GB
1.1%,0.449097 GB,13.178 GB,14.6125 GB
1.1%,0.44902 GB,13.178 GB,14.6125 GB
1.1%,0.449402 GB,13.1776 GB,14.6125 GB
1.1%,0.449356 GB,13.1777 GB,14.6125 GB
1.1%,0.448967 GB,13.1778 GB,14.6125 GB
1.1%,0.449005 GB,13.1781 GB,14.6125 GB
1.1%,0.449036 GB,13.1777 GB,14.6125 GB
1.1%,0.448555 GB,13.1787 GB,14.6125 GB
1.1%,0.449028 GB,13.178 GB,14.6125 GB
1.1%,0.448662 GB,13.1784 GB,14.6125 GB
1.1%,0.448444 GB,13.1786 GB,14.6125 GB
1.1%,0.44873 GB,13.1783 GB,14.6125 GB
1.1%,0.449368 GB,13.1777 GB,14.6125 GB
1.1%,0.449467 GB,13.1776 GB,14.6125 GB
1.1%,0.449543 GB,13.1777 GB,14.6125 GB
1.1%,0.448635 GB,13.1784 GB,14.6125 GB
1.1%,0.449085 GB,13.1782 GB,14.6125 GB
1.1%,0.449108 GB,13.1777 GB,14.6125 GB
1.1%,0.450108 GB,13.1769 GB,14.6125 GB
1.1%,0.449734 GB,13.1776 GB,14.6125 GB
1.1%,0.449352 GB,13.1777 GB,14.6125 GB
1.1%,0.449593 GB,13.1774 GB,14.6125 GB
1.1%,0.449661 GB,13.1776 GB,14.6125 GB
1.1%,0.449463 GB,13.1776 GB,14.6125 GB
1.1%,0.449711 GB,13.1773 GB,14.6125 GB
1.1%,0.450218 GB,13.177 GB,14.6125 GB
1.1%,0.449753 GB,13.1772 GB,14.6125 GB
1.1%,0.450146 GB,13.1769 GB,14.6125 GB
1.1%,0.449409 GB,13.1776 GB,14.6125 GB
1.1%,0.449448 GB,13.1776 GB,14.6125 GB
1%,0.449448 GB,13.1775 GB,14.6125 GB
1%,0.450146 GB,13.1771 GB,14.6125 GB
1%,0.450001 GB,13.177 GB,14.6125 GB
1%,0.449783 GB,13.1772 GB,14.6125 GB
1%,0.449646 GB,13.1771 GB,14.6125 GB
1%,0.449745 GB,13.1772 GB,14.6125 GB
1%,0.449883 GB,13.1771 GB,14.6125 GB
1%,0.450176 GB,13.1771 GB,14.6125 GB
1%,0.450146 GB,13.1768 GB,14.6125 GB
1%,0.450665 GB,13.1766 GB,14.6125 GB
1%,0.450657 GB,13.1763 GB,14.6125 GB
1%,0.449852 GB,13.1767 GB,14.6125 GB
1%,0.45023 GB,13.1768 GB,14.6125 GB
1%,0.450432 GB,13.1766 GB,14.6125 GB
1%,0.450554 GB,13.1764 GB,14.6125 GB
1%,0.45042 GB,13.1766 GB,14.6125 GB
1%,0.450127 GB,13.1769 GB,14.6125 GB
1%,0.449593 GB,13.1771 GB,14.6125 GB
1%,0.449802 GB,13.1772 GB,14.6125 GB
1%,0.449909 GB,13.1771 GB,14.6125 GB
1%,0.450188 GB,13.1768 GB,14.6125 GB
1%,0.450512 GB,13.1764 GB,14.6125 GB
1%,0.450115 GB,13.1769 GB,14.6125 GB
1%,0.449688 GB,13.1771 GB,14.6125 GB
1%,0.449997 GB,13.177 GB,14.6125 GB
1%,0.450081 GB,13.1766 GB,14.6125 GB
1%,0.450794 GB,13.1764 GB,14.6125 GB
1%,0.450546 GB,13.1759 GB,14.6125 GB
1%,0.449944 GB,13.1768 GB,14.6125 GB
1%,0.450455 GB,13.1765 GB,14.6125 GB
1%,0.450485 GB,13.1765 GB,14.6125 GB
1%,0.449928 GB,13.1765 GB,14.6125 GB
1%,0.450306 GB,13.1764 GB,14.6125 GB
1%,0.450962 GB,13.176 GB,14.6125 GB
1%,0.450787 GB,13.1762 GB,14.6125 GB
1%,0.45068 GB,13.176 GB,14.6125 GB
1%,0.451019 GB,13.1759 GB,14.6125 GB
1%,0.451195 GB,13.1758 GB,14.6125 GB
1%,0.451099 GB,13.1756 GB,14.6125 GB
1%,0.450867 GB,13.1761 GB,14.6125 GB
1%,0.450691 GB,13.176 GB,14.6125 GB
1%,0.450817 GB,13.1761 GB,14.6125 GB
1%,0.45039 GB,13.1763 GB,14.6125 GB
1%,0.451141 GB,13.1758 GB,14.6125 GB
1%,0.450546 GB,13.1764 GB,14.6125 GB
1%,0.450172 GB,13.1768 GB,14.6125 GB
1%,0.449917 GB,13.177 GB,14.6125 GB
1%,0.450653 GB,13.1765 GB,14.6125 GB
1%,0.450256 GB,13.1767 GB,14.6125 GB
1%,0.450291 GB,13.1764 GB,14.6125 GB
1%,0.451096 GB,13.1761 GB,14.6125 GB
1%,0.450527 GB,13.1764 GB,14.6125 GB
1%,0.450581 GB,13.1764 GB,14.6125 GB
1%,0.451092 GB,13.1758 GB,14.6125 GB
1%,0.450279 GB,13.1764 GB,14.6125 GB
1%,0.450394 GB,13.1765 GB,14.6125 GB
1%,0.450153 GB,13.1765 GB,14.6125 GB
1%,0.450218 GB,13.1765 GB,14.6125 GB
1%,0.450745 GB,13.1762 GB,14.6125 GB
1%,0.450481 GB,13.1762 GB,14.6125 GB
1%,0.45052 GB,13.1764 GB,14.6125 GB
1%,0.451077 GB,13.1758 GB,14.6125 GB
1%,0.450554 GB,13.1761 GB,14.6125 GB
1%,0.450809 GB,13.1761 GB,14.6125 GB
1%,0.450344 GB,13.1763 GB,14.6125 GB
1%,0.450714 GB,13.1764 GB,14.6125 GB
1%,0.450397 GB,13.176 GB,14.6125 GB
1%,0.450256 GB,13.1767 GB,14.6125 GB
1%,0.45052 GB,13.1764 GB,14.6125 GB
1%,0.450558 GB,13.1764 GB,14.6125 GB
1%,0.450481 GB,13.1764 GB,14.6125 GB
1%,0.450581 GB,13.1766 GB,14.6125 GB
1%,0.450581 GB,13.1763 GB,14.6125 GB
1%,0.451363 GB,13.1756 GB,14.6125 GB
1%,0.451015 GB,13.1759 GB,14.6125 GB
1%,0.450588 GB,13.1761 GB,14.6125 GB
1%,0.45089 GB,13.1763 GB,14.6125 GB
1%,0.450623 GB,13.1763 GB,14.6125 GB
1%,0.450535 GB,13.1761 GB,14.6125 GB
1%,0.450287 GB,13.1766 GB,14.6125 GB
1%,0.450912 GB,13.176 GB,14.6125 GB
1%,0.450935 GB,13.1757 GB,14.6125 GB
1%,0.45116 GB,13.1757 GB,14.6125 GB
1%,0.45129 GB,13.1753 GB,14.6125 GB
1%,0.450794 GB,13.1761 GB,14.6125 GB
1%,0.451576 GB,13.1753 GB,14.6125 GB
1%,0.451946 GB,13.1752 GB,14.6125 GB
1%,0.451263 GB,13.1751 GB,14.6125 GB
1%,0.450806 GB,13.1761 GB,14.6125 GB
1%,0.451256 GB,13.1756 GB,14.6125 GB
1%,0.451565 GB,13.1753 GB,14.6125 GB
1%,0.451595 GB,13.1753 GB,14.6125 GB
1%,0.451603 GB,13.175 GB,14.6125 GB
1%,0.451519 GB,13.1751 GB,14.6125 GB
1%,0.450752 GB,13.1761 GB,14.6125 GB
1%,0.450851 GB,13.1758 GB,14.6125 GB
1%,0.451275 GB,13.1758 GB,14.6125 GB
1%,0.451546 GB,13.1753 GB,14.6125 GB
1%,0.451591 GB,13.175 GB,14.6125 GB
1%,0.451576 GB,13.1753 GB,14.6125 GB
1%,0.452164 GB,13.175 GB,14.6125 GB
1%,0.452488 GB,13.1744 GB,14.6125 GB
1%,0.452511 GB,13.1741 GB,14.6125 GB
1%,0.452045 GB,13.1748 GB,14.6125 GB
1%,0.451729 GB,13.1751 GB,14.6125 GB
1%,0.45142 GB,13.1754 GB,14.6125 GB
1%,0.451832 GB,13.175 GB,14.6125 GB
1%,0.45118 GB,13.1757 GB,14.6125 GB
1%,0.451584 GB,13.1753 GB,14.6125 GB
1%,0.451939 GB,13.1747 GB,14.6125 GB
1%,0.451645 GB,13.1754 GB,14.6125 GB
1%,0.451481 GB,13.1756 GB,14.6125 GB
1%,0.451572 GB,13.1753 GB,14.6125 GB
1%,0.45195 GB,13.1749 GB,14.6125 GB
1%,0.451958 GB,13.1751 GB,14.6125 GB
1%,0.452206 GB,13.1746 GB,14.6125 GB
1%,0.452034 GB,13.1745 GB,14.6125 GB
1%,0.452522 GB,13.1743 GB,14.6125 GB
1%,0.451942 GB,13.1746 GB,14.6125 GB
1%,0.451614 GB,13.1749 GB,14.6125 GB
1%,0.452328 GB,13.1745 GB,14.6125 GB
1%,0.452351 GB,13.1747 GB,14.6125 GB
1%,0.45256 GB,13.1743 GB,14.6125 GB
1%,0.452396 GB,13.1744 GB,14.6125 GB
1%,0.452522 GB,13.1741 GB,14.6125 GB
1%,0.45208 GB,13.1747 GB,14.6125 GB
1%,0.452583 GB,13.1742 GB,14.6125 GB
1%,0.452419 GB,13.1744 GB,14.6125 GB
1%,0.452713 GB,13.1741 GB,14.6125 GB
1%,0.452427 GB,13.1746 GB,14.6125 GB
1%,0.452049 GB,13.1745 GB,14.6125 GB
1%,0.452103 GB,13.175 GB,14.6125 GB
1%,0.453373 GB,13.1734 GB,14.6125 GB
1%,0.45303 GB,13.1735 GB,14.6125 GB
1%,0.452602 GB,13.174 GB,14.6125 GB
1%,0.453098 GB,13.1737 GB,14.6125 GB
1%,0.453175 GB,13.1734 GB,14.6125 GB
1%,0.452805 GB,13.1737 GB,14.6125 GB
1%,0.453091 GB,13.1737 GB,14.6125 GB
1%,0.451847 GB,13.1747 GB,14.6125 GB
1%,0.452156 GB,13.1744 GB,14.6125 GB
1%,0.452141 GB,13.1746 GB,14.6125 GB
1%,0.452312 GB,13.1745 GB,14.6125 GB
1%,0.452389 GB,13.1744 GB,14.6125 GB
1%,0.451923 GB,13.1749 GB,14.6125 GB
1%,0.452435 GB,13.1744 GB,14.6125 GB
1%,0.452473 GB,13.1743 GB,14.6125 GB
1%,0.452232 GB,13.1745 GB,14.6125 GB
1%,0.452503 GB,13.1743 GB,14.6125 GB
1%,0.45248 GB,13.1743 GB,14.6125 GB
1%,0.452255 GB,13.1745 GB,14.6125 GB
1%,0.452309 GB,13.1747 GB,14.6125 GB
1%,0.452354 GB,13.1744 GB,14.6125 GB
1%,0.45261 GB,13.1741 GB,14.6125 GB
1%,0.452469 GB,13.1741 GB,14.6125 GB
1%,0.452778 GB,13.174 GB,14.6125 GB
1%,0.452808 GB,13.1739 GB,14.6125 GB
1%,0.452885 GB,13.1736 GB,14.6125 GB
1%,0.452991 GB,13.1738 GB,14.6125 GB
1%,0.452991 GB,13.174 GB,14.6125 GB
1%,0.452908 GB,13.1738 GB,14.6125 GB
1%,0.453278 GB,13.1735 GB,14.6125 GB
1%,0.452766 GB,13.1737 GB,14.6125 GB
1%,0.453197 GB,13.1736 GB,14.6125 GB
1%,0.452919 GB,13.1738 GB,14.6125 GB
1%,0.45319 GB,13.1733 GB,14.6125 GB
1%,0.453072 GB,13.1734 GB,14.6125 GB
1%,0.45293 GB,13.1738 GB,14.6125 GB
1%,0.452984 GB,13.1735 GB,14.6125 GB
1%,0.453293 GB,13.1735 GB,14.6125 GB
1%,0.453316 GB,13.1734 GB,14.6125 GB
1%,0.453152 GB,13.1731 GB,14.6125 GB
1%,0.453537 GB,13.1732 GB,14.6125 GB
1%,0.453747 GB,13.173 GB,14.6125 GB
1%,0.454002 GB,13.173 GB,14.6125 GB
1%,0.454002 GB,13.1727 GB,14.6125 GB
1%,0.453537 GB,13.173 GB,14.6125 GB
1%,0.453823 GB,13.1729 GB,14.6125 GB
1%,0.454445 GB,13.1723 GB,14.6125 GB
1%,0.453842 GB,13.1726 GB,14.6125 GB
1%,0.453609 GB,13.1731 GB,14.6125 GB
1%,0.454128 GB,13.1729 GB,14.6125 GB
1%,0.453911 GB,13.1728 GB,14.6125 GB
1%,0.453972 GB,13.1727 GB,14.6125 GB
1%,0.453701 GB,13.173 GB,14.6125 GB
1%,0.453205 GB,13.1732 GB,14.6125 GB
1%,0.453312 GB,13.1734 GB,14.6125 GB
1%,0.453365 GB,13.1731 GB,14.6125 GB
1%,0.453468 GB,13.173 GB,14.6125 GB
1%,0.453518 GB,13.1729 GB,14.6125 GB
1%,0.453587 GB,13.1731 GB,14.6125 GB
1%,0.453201 GB,13.1733 GB,14.6125 GB
1%,0.452934 GB,13.1733 GB,14.6125 GB
1%,0.453213 GB,13.1735 GB,14.6125 GB
1%,0.45274 GB,13.174 GB,14.6125 GB
1%,0.453213 GB,13.1735 GB,14.6125 GB
1%,0.453297 GB,13.1737 GB,14.6125 GB
1%,0.453503 GB,13.1735 GB,14.6125 GB
1%,0.45351 GB,13.1729 GB,14.6125 GB
1%,0.45364 GB,13.1733 GB,14.6125 GB
1%,0.453213 GB,13.1732 GB,14.6125 GB
1%,0.453339 GB,13.1736 GB,14.6125 GB
1%,0.45295 GB,13.1737 GB,14.6125 GB
1%,0.45277 GB,13.1739 GB,14.6125 GB
1%,0.452671 GB,13.174 GB,14.6125 GB
1%,0.452785 GB,13.1742 GB,14.6125 GB
1%,0.453655 GB,13.173 GB,14.6125 GB
1%,0.453732 GB,13.1729 GB,14.6125 GB
1%,0.453499 GB,13.1732 GB,14.6125 GB
1%,0.452839 GB,13.1737 GB,14.6125 GB
1%,0.452885 GB,13.1735 GB,14.6125 GB
1%,0.453434 GB,13.1732 GB,14.6125 GB
1%,0.453186 GB,13.1732 GB,14.6125 GB
1%,0.453201 GB,13.1735 GB,14.6125 GB
1%,0.453735 GB,13.1729 GB,14.6125 GB
1%,0.453766 GB,13.1729 GB,14.6125 GB
1%,0.453339 GB,13.1733 GB,14.6125 GB
1%,0.453121 GB,13.1736 GB,14.6125 GB
1%,0.452473 GB,13.1742 GB,14.6125 GB
1%,0.453495 GB,13.1734 GB,14.6125 GB
1%,0.45327 GB,13.1734 GB,14.6125 GB
1%,0.453617 GB,13.1728 GB,14.6125 GB
1%,0.453587 GB,13.1731 GB,14.6125 GB
1%,0.453239 GB,13.1737 GB,14.6125 GB
1%,0.453457 GB,13.1729 GB,14.6125 GB
1%,0.453812 GB,13.1731 GB,14.6125 GB
1%,0.453804 GB,13.1729 GB,14.6125 GB
1%,0.453632 GB,13.1728 GB,14.6125 GB
1%,0.453739 GB,13.1729 GB,14.6125 GB
1%,0.453613 GB,13.1728 GB,14.6125 GB
1%,0.45369 GB,13.1732 GB,14.6125 GB
1%,0.454155 GB,13.1727 GB,14.6125 GB
1%,0.453991 GB,13.1726 GB,14.6125 GB
1%,0.454178 GB,13.1725 GB,14.6125 GB
1%,0.454014 GB,13.1726 GB,14.6125 GB
1%,0.454239 GB,13.1726 GB,14.6125 GB
1%,0.454201 GB,13.1722 GB,14.6125 GB
1%,0.454517 GB,13.1721 GB,14.6125 GB
1%,0.454525 GB,13.1721 GB,14.6125 GB
1%,0.453991 GB,13.1726 GB,14.6125 GB
1%,0.454269 GB,13.1724 GB,14.6125 GB
1%,0.454624 GB,13.1725 GB,14.6125 GB
1%,0.454498 GB,13.1721 GB,14.6125 GB
1%,0.45504 GB,13.1713 GB,14.6125 GB
1%,0.454567 GB,13.1723 GB,14.6125 GB
1%,0.455101 GB,13.1718 GB,14.6125 GB
1%,0.454506 GB,13.1719 GB,14.6125 GB
1%,0.454334 GB,13.1723 GB,14.6125 GB
1%,0.454514 GB,13.1721 GB,14.6125 GB
1%,0.454868 GB,13.1715 GB,14.6125 GB
1%,0.454628 GB,13.172 GB,14.6125 GB
1%,0.454464 GB,13.1719 GB,14.6125 GB
1%,0.454163 GB,13.1725 GB,14.6125 GB
1%,0.454025 GB,13.1726 GB,14.6125 GB
1%,0.453861 GB,13.1725 GB,14.6125 GB
1%,0.454456 GB,13.1721 GB,14.6125 GB
1%,0.454216 GB,13.1724 GB,14.6125 GB
1%,0.454281 GB,13.1723 GB,14.6125 GB
1%,0.454063 GB,13.1725 GB,14.6125 GB
1%,0.454395 GB,13.172 GB,14.6125 GB
1%,0.45451 GB,13.1721 GB,14.6125 GB
1%,0.454742 GB,13.1719 GB,14.6125 GB
1%,0.454937 GB,13.1717 GB,14.6125 GB
1%,0.454689 GB,13.1719 GB,14.6125 GB
1%,0.454674 GB,13.1717 GB,14.6125 GB
1%,0.45517 GB,13.1714 GB,14.6125 GB
1%,0.45472 GB,13.1716 GB,14.6125 GB
1%,0.454216 GB,13.1724 GB,14.6125 GB
1%,0.453526 GB,13.1728 GB,14.6125 GB
1%,0.453369 GB,13.173 GB,14.6125 GB
1%,0.453949 GB,13.1727 GB,14.6125 GB
1%,0.453941 GB,13.1724 GB,14.6125 GB
1%,0.453011 GB,13.1736 GB,14.6125 GB
1%,0.453278 GB,13.1733 GB,14.6125 GB
1%,0.453819 GB,13.173 GB,14.6125 GB
1%,0.453701 GB,13.1729 GB,14.6125 GB
1%,0.45422 GB,13.1724 GB,14.6125 GB
1%,0.45425 GB,13.1723 GB,14.6125 GB
1%,0.454033 GB,13.1725 GB,14.6125 GB
1%,0.4538 GB,13.1728 GB,14.6125 GB
1%,0.45414 GB,13.1724 GB,14.6125 GB
1%,0.454605 GB,13.172 GB,14.6125 GB
1%,0.454472 GB,13.1716 GB,14.6125 GB
1%,0.454464 GB,13.1721 GB,14.6125 GB
1%,0.453991 GB,13.1723 GB,14.6125 GB
1%,0.454185 GB,13.1724 GB,14.6125 GB
1%,0.454544 GB,13.172 GB,14.6125 GB
1%,0.454426 GB,13.1721 GB,14.6125 GB
1%,0.454735 GB,13.1713 GB,14.6125 GB
1%,0.454308 GB,13.1722 GB,14.6125 GB
1%,0.453983 GB,13.1726 GB,14.6125 GB
1%,0.453976 GB,13.1726 GB,14.6125 GB
1%,0.454193 GB,13.1723 GB,14.6125 GB
1%,0.454239 GB,13.1723 GB,14.6125 GB
1%,0.454006 GB,13.1726 GB,14.6125 GB
1%,0.45295 GB,13.1736 GB,14.6125 GB
1%,0.453602 GB,13.1729 GB,14.6125 GB
1%,0.454674 GB,13.1721 GB,14.6125 GB
1%,0.454765 GB,13.1718 GB,14.6125 GB
1%,0.454849 GB,13.1717 GB,14.6125 GB
1%,0.454475 GB,13.1721 GB,14.6125 GB
1%,0.455017 GB,13.1715 GB,14.6125 GB
1%,0.462379 GB,13.1646 GB,14.6125 GB
1%,0.463135 GB,13.1634 GB,14.6125 GB
2.5%,0.463051 GB,13.1632 GB,14.6125 GB
1.9%,0.464291 GB,13.1622 GB,14.6125 GB
1.6%,0.464817 GB,13.1617 GB,14.6125 GB
1.6%,0.464771 GB,13.1617 GB,14.6125 GB
1%,0.461414 GB,13.1649 GB,14.6125 GB
1%,0.460453 GB,13.1655 GB,14.6125 GB
1%,0.460762 GB,13.166 GB,14.6125 GB
1%,0.460297 GB,13.1665 GB,14.6125 GB
1%,0.4599 GB,13.1664 GB,14.6125 GB
1%,0.459801 GB,13.1667 GB,14.6125 GB
1%,0.459351 GB,13.1669 GB,14.6125 GB
1%,0.45969 GB,13.1671 GB,14.6125 GB
1%,0.459606 GB,13.1669 GB,14.6125 GB
1%,0.460201 GB,13.1666 GB,14.6125 GB
1%,0.459427 GB,13.1671 GB,14.6125 GB
1%,0.45966 GB,13.1668 GB,14.6125 GB
1%,0.459892 GB,13.1666 GB,14.6125 GB
1%,0.460087 GB,13.1664 GB,14.6125 GB
1%,0.459583 GB,13.1666 GB,14.6125 GB
1%,0.459808 GB,13.1664 GB,14.6125 GB
1%,0.460243 GB,13.1662 GB,14.6125 GB
1%,0.459576 GB,13.1664 GB,14.6125 GB
1%,0.459644 GB,13.1668 GB,14.6125 GB
1%,0.460217 GB,13.1663 GB,14.6125 GB
1%,0.459576 GB,13.1669 GB,14.6125 GB
1%,0.459427 GB,13.1673 GB,14.6125 GB
1%,0.459953 GB,13.1665 GB,14.6125 GB
1%,0.46006 GB,13.1664 GB,14.6125 GB
2%,0.462711 GB,13.1638 GB,14.6125 GB
1.5%,0.464169 GB,13.1623 GB,14.6125 GB
1.3%,0.465408 GB,13.1618 GB,14.6125 GB
1.2%,0.464958 GB,13.1618 GB,14.6125 GB
1%,0.462013 GB,13.1643 GB,14.6125 GB
1%,0.461948 GB,13.1646 GB,14.6125 GB
1%,0.461277 GB,13.1655 GB,14.6125 GB
1%,0.461151 GB,13.1654 GB,14.6125 GB
1%,0.46067 GB,13.1658 GB,14.6125 GB
1%,0.460739 GB,13.1658 GB,14.6125 GB
1%,0.461033 GB,13.1652 GB,14.6125 GB
1%,0.461338 GB,13.1652 GB,14.6125 GB
1%,0.466953 GB,13.1632 GB,14.6125 GB
1%,0.465122 GB,13.1614 GB,14.6125 GB
1%,0.465958 GB,13.1606 GB,14.6125 GB
1%,0.466328 GB,13.1605 GB,14.6125 GB
1%,0.466591 GB,13.1599 GB,14.6125 GB
1%,0.463963 GB,13.1621 GB,14.6125 GB
1%,0.463467 GB,13.1633 GB,14.6125 GB
1%,0.463486 GB,13.1633 GB,14.6125 GB
1%,0.463013 GB,13.1635 GB,14.6125 GB
1%,0.46339 GB,13.1634 GB,14.6125 GB
1%,0.462818 GB,13.1637 GB,14.6125 GB
1%,0.463135 GB,13.1637 GB,14.6125 GB
1%,0.463226 GB,13.1636 GB,14.6125 GB
1%,0.462955 GB,13.1636 GB,14.6125 GB
1%,0.462692 GB,13.1638 GB,14.6125 GB
1%,0.462467 GB,13.1641 GB,14.6125 GB
1%,0.462475 GB,13.1638 GB,14.6125 GB
1%,0.462334 GB,13.1642 GB,14.6125 GB
1%,0.462448 GB,13.1638 GB,14.6125 GB
1%,0.474564 GB,13.1525 GB,14.6125 GB
4%,0.47049 GB,13.1559 GB,14.6125 GB
2.5%,0.470219 GB,13.1562 GB,14.6125 GB
2.8%,0.468258 GB,13.1577 GB,14.6125 GB
2.3%,0.468575 GB,13.1576 GB,14.6125 GB
2.2%,0.468895 GB,13.157 GB,14.6125 GB
1.7%,0.469967 GB,13.1562 GB,14.6125 GB
1%,0.466076 GB,13.1601 GB,14.6125 GB
1%,0.465324 GB,13.1613 GB,14.6125 GB
1%,0.464363 GB,13.1618 GB,14.6125 GB
1%,0.464176 GB,13.162 GB,14.6125 GB
1%,0.463833 GB,13.1621 GB,14.6125 GB
1%,0.463661 GB,13.1627 GB,14.6125 GB
1%,0.463184 GB,13.1627 GB,14.6125 GB
1%,0.463177 GB,13.163 GB,14.6125 GB
1%,0.463463 GB,13.1627 GB,14.6125 GB
9%,0.482944 GB,13.1434 GB,14.6125 GB
1.5%,0.468277 GB,13.1578 GB,14.6125 GB
1.3%,0.469337 GB,13.1567 GB,14.6125 GB
8.2%,0.486004 GB,13.1405 GB,14.6125 GB
1.6%,0.470638 GB,13.1556 GB,14.6125 GB
1.3%,0.470974 GB,13.1552 GB,14.6125 GB
1.6%,0.469051 GB,13.1569 GB,14.6125 GB
1.6%,0.470139 GB,13.1558 GB,14.6125 GB
1.6%,0.470287 GB,13.1556 GB,14.6125 GB
1%,0.466824 GB,13.1591 GB,14.6125 GB
1%,0.465721 GB,13.1602 GB,14.6125 GB
1%,0.465401 GB,13.1605 GB,14.6125 GB
1%,0.464512 GB,13.1614 GB,14.6125 GB
1%,0.464458 GB,13.1612 GB,14.6125 GB
1%,0.464687 GB,13.1612 GB,14.6125 GB
1%,0.464561 GB,13.1611 GB,14.6125 GB
1%,0.464321 GB,13.1614 GB,14.6125 GB
1%,0.46418 GB,13.162 GB,14.6125 GB
1%,0.464203 GB,13.1615 GB,14.6125 GB
1%,0.464752 GB,13.1614 GB,14.6125 GB
1%,0.463993 GB,13.1617 GB,14.6125 GB
1%,0.463745 GB,13.1619 GB,14.6125 GB
1%,0.464069 GB,13.1618 GB,14.6125 GB
1%,0.463966 GB,13.1617 GB,14.6125 GB
1%,0.464005 GB,13.1619 GB,14.6125 GB
1%,0.464043 GB,13.1619 GB,14.6125 GB
1%,0.464523 GB,13.1614 GB,14.6125 GB
1%,0.464531 GB,13.1611 GB,14.6125 GB
1%,0.46487 GB,13.1608 GB,14.6125 GB
1%,0.465202 GB,13.1607 GB,14.6125 GB
1%,0.464653 GB,13.1612 GB,14.6125 GB
1%,0.464314 GB,13.1616 GB,14.6125 GB
1%,0.464123 GB,13.1615 GB,14.6125 GB
1%,0.46376 GB,13.1622 GB,14.6125 GB
1%,0.463669 GB,13.1622 GB,14.6125 GB
10%,0.484818 GB,13.1413 GB,14.6125 GB
7.5%,0.47644 GB,13.1494 GB,14.6125 GB
12.2%,0.494041 GB,13.1317 GB,14.6125 GB
20.7%,0.480083 GB,13.1462 GB,14.6125 GB
33.4%,0.485508 GB,13.1403 GB,14.6125 GB
30.3%,0.486244 GB,13.1393 GB,14.6125 GB
25.8%,0.481899 GB,13.1436 GB,14.6125 GB
31.8%,0.48423 GB,13.1413 GB,14.6125 GB
37%,0.486088 GB,13.1394 GB,14.6125 GB
41.9%,0.485928 GB,13.1396 GB,14.6125 GB
43.1%,0.485847 GB,13.1397 GB,14.6125 GB
44.9%,0.484909 GB,13.1406 GB,14.6125 GB
47.3%,0.486706 GB,13.1386 GB,14.6125 GB
49.6%,0.486649 GB,13.1389 GB,14.6125 GB
51.9%,0.486786 GB,13.1387 GB,14.6125 GB
52.3%,0.487339 GB,13.1382 GB,14.6125 GB
52.5%,0.489483 GB,13.136 GB,14.6125 GB
52.6%,0.488323 GB,13.1375 GB,14.6125 GB
50.2%,0.486698 GB,13.1386 GB,14.6125 GB
48.5%,0.484505 GB,13.1408 GB,14.6125 GB
48.7%,0.487694 GB,13.1378 GB,14.6125 GB
49%,0.487141 GB,13.1384 GB,14.6125 GB
48%,0.486248 GB,13.1393 GB,14.6125 GB
46.8%,0.485649 GB,13.1399 GB,14.6125 GB
44.9%,0.485394 GB,13.1401 GB,14.6125 GB
44.3%,0.486462 GB,13.139 GB,14.6125 GB
44.6%,0.487988 GB,13.1375 GB,14.6125 GB
45.5%,0.491302 GB,13.1342 GB,14.6125 GB
46.6%,0.490818 GB,13.1347 GB,14.6125 GB
45.2%,0.490414 GB,13.1353 GB,14.6125 GB
45.4%,0.48996 GB,13.1358 GB,14.6125 GB
46.2%,0.492355 GB,13.1331 GB,14.6125 GB
46.3%,0.491962 GB,13.1335 GB,14.6125 GB
46.1%,0.489941 GB,13.1356 GB,14.6125 GB
45.9%,0.489433 GB,13.136 GB,14.6125 GB
46.4%,0.491264 GB,13.134 GB,14.6125 GB
47.2%,0.491329 GB,13.1342 GB,14.6125 GB
47.9%,0.493034 GB,13.1327 GB,14.6125 GB
48.3%,0.493 GB,13.1322 GB,14.6125 GB
48.6%,0.493141 GB,13.1323 GB,14.6125 GB
49%,0.493698 GB,13.1318 GB,14.6125 GB
49.3%,0.494072 GB,13.1309 GB,14.6125 GB
49.5%,0.494198 GB,13.1313 GB,14.6125 GB
49.1%,0.492821 GB,13.1326 GB,14.6125 GB
48.8%,0.492828 GB,13.1326 GB,14.6125 GB
48.2%,0.490921 GB,13.1345 GB,14.6125 GB
47.6%,0.489338 GB,13.1361 GB,14.6125 GB
47%,0.489395 GB,13.1361 GB,14.6125 GB
46.5%,0.489323 GB,13.1361 GB,14.6125 GB
46.6%,0.494469 GB,13.131 GB,14.6125 GB
47%,0.494846 GB,13.1306 GB,14.6125 GB
47.2%,0.494453 GB,13.131 GB,14.6125 GB
47.8%,0.494473 GB,13.131 GB,14.6125 GB
47.8%,0.493015 GB,13.1324 GB,14.6125 GB
47.2%,0.490345 GB,13.1351 GB,14.6125 GB
46.9%,0.493256 GB,13.1324 GB,14.6125 GB
47.5%,0.493454 GB,13.132 GB,14.6125 GB
47.6%,0.492992 GB,13.1326 GB,14.6125 GB
1%,0.486305 GB,13.1392 GB,14.6125 GB
32%,0.493259 GB,13.1322 GB,14.6125 GB
24.3%,0.496235 GB,13.1292 GB,14.6125 GB
29.9%,0.496395 GB,13.1288 GB,14.6125 GB
32.8%,0.496284 GB,13.1292 GB,14.6125 GB
36%,0.496254 GB,13.1292 GB,14.6125 GB
37.5%,0.497284 GB,13.1279 GB,14.6125 GB
38.4%,0.497784 GB,13.1277 GB,14.6125 GB
38.9%,0.498066 GB,13.1271 GB,14.6125 GB
40.6%,0.495354 GB,13.1303 GB,14.6125 GB
41.8%,0.495285 GB,13.1304 GB,14.6125 GB
43.1%,0.494789 GB,13.1306 GB,14.6125 GB
44.1%,0.494843 GB,13.1303 GB,14.6125 GB
44.7%,0.495625 GB,13.1301 GB,14.6125 GB
43.4%,0.496826 GB,13.1286 GB,14.6125 GB
42.1%,0.496918 GB,13.1288 GB,14.6125 GB
41.5%,0.497803 GB,13.1276 GB,14.6125 GB
40.8%,0.497551 GB,13.1279 GB,14.6125 GB
40.3%,0.496983 GB,13.1279 GB,14.6125 GB
40.4%,0.49509 GB,13.1303 GB,14.6125 GB
41.2%,0.49551 GB,13.1299 GB,14.6125 GB
42.1%,0.49638 GB,13.129 GB,14.6125 GB
42.7%,0.496143 GB,13.129 GB,14.6125 GB
43.5%,0.496693 GB,13.1287 GB,14.6125 GB
44%,0.496891 GB,13.1285 GB,14.6125 GB
44.3%,0.497467 GB,13.1279 GB,14.6125 GB
44.9%,0.497868 GB,13.1275 GB,14.6125 GB
45.3%,0.497078 GB,13.1283 GB,14.6125 GB
45.7%,0.497551 GB,13.1276 GB,14.6125 GB
46.1%,0.497414 GB,13.1282 GB,14.6125 GB
46.6%,0.497154 GB,13.1283 GB,14.6125 GB
47%,0.497845 GB,13.1278 GB,14.6125 GB
47.2%,0.498417 GB,13.127 GB,14.6125 GB
46.1%,0.498501 GB,13.1269 GB,14.6125 GB
46.5%,0.498081 GB,13.1273 GB,14.6125 GB
46.8%,0.498264 GB,13.1271 GB,14.6125 GB
47.1%,0.497707 GB,13.1274 GB,14.6125 GB
47.4%,0.497444 GB,13.1279 GB,14.6125 GB
47.7%,0.4981 GB,13.1273 GB,14.6125 GB
47.9%,0.498264 GB,13.1271 GB,14.6125 GB
48.1%,0.498341 GB,13.1273 GB,14.6125 GB
48.3%,0.498169 GB,13.1272 GB,14.6125 GB
48.5%,0.498554 GB,13.1266 GB,14.6125 GB
48.7%,0.498898 GB,13.1263 GB,14.6125 GB
48.9%,0.499317 GB,13.1256 GB,14.6125 GB
49.1%,0.499908 GB,13.1255 GB,14.6125 GB
49.3%,0.500168 GB,13.1255 GB,14.6125 GB
49.5%,0.50021 GB,13.1252 GB,14.6125 GB
49.7%,0.500656 GB,13.1247 GB,14.6125 GB
49.7%,0.501053 GB,13.1241 GB,14.6125 GB
49.9%,0.500927 GB,13.1244 GB,14.6125 GB
50.1%,0.500412 GB,13.1247 GB,14.6125 GB
50.1%,0.501293 GB,13.1243 GB,14.6125 GB
50.3%,0.500965 GB,13.1246 GB,14.6125 GB
50.4%,0.499969 GB,13.1251 GB,14.6125 GB
50.5%,0.500317 GB,13.125 GB,14.6125 GB
50.5%,0.500526 GB,13.1246 GB,14.6125 GB
50.3%,0.502884 GB,13.1225 GB,14.6125 GB
25.4%,0.500412 GB,13.1252 GB,14.6125 GB
4%,0.489086 GB,13.1365 GB,14.6125 GB
2.5%,0.487587 GB,13.1378 GB,14.6125 GB
1.9%,0.486908 GB,13.1385 GB,14.6125 GB
1.7%,0.486805 GB,13.1389 GB,14.6125 GB
1%,0.483589 GB,13.1421 GB,14.6125 GB
1%,0.482616 GB,13.1426 GB,14.6125 GB
1%,0.482456 GB,13.143 GB,14.6125 GB
1%,0.482132 GB,13.143 GB,14.6125 GB
1%,0.481499 GB,13.1437 GB,14.6125 GB
1%,0.481129 GB,13.1443 GB,14.6125 GB
1%,0.480846 GB,13.1446 GB,14.6125 GB
1%,0.4804 GB,13.1448 GB,14.6125 GB
1%,0.480354 GB,13.1448 GB,14.6125 GB
1%,0.480492 GB,13.1449 GB,14.6125 GB
1%,0.480034 GB,13.1451 GB,14.6125 GB
1%,0.480228 GB,13.1452 GB,14.6125 GB
1%,0.480583 GB,13.1448 GB,14.6125 GB
1%,0.48032 GB,13.1448 GB,14.6125 GB
1%,0.480156 GB,13.1452 GB,14.6125 GB
1%,0.48024 GB,13.1452 GB,14.6125 GB
1%,0.480061 GB,13.1451 GB,14.6125 GB
1%,0.480068 GB,13.1451 GB,14.6125 GB
1%,0.479691 GB,13.1457 GB,14.6125 GB
1%,0.479939 GB,13.1457 GB,14.6125 GB
1%,0.479969 GB,13.1457 GB,14.6125 GB
1%,0.480442 GB,13.145 GB,14.6125 GB
1%,0.480209 GB,13.1452 GB,14.6125 GB
1%,0.480019 GB,13.1454 GB,14.6125 GB
1%,0.479939 GB,13.1457 GB,14.6125 GB
1%,0.480198 GB,13.1452 GB,14.6125 GB
1%,0.480034 GB,13.1454 GB,14.6125 GB
1%,0.480213 GB,13.1452 GB,14.6125 GB
1%,0.479855 GB,13.1455 GB,14.6125 GB
1%,0.479721 GB,13.1457 GB,14.6125 GB
1%,0.479801 GB,13.1458 GB,14.6125 GB
1%,0.47451 GB,13.1506 GB,14.6125 GB
1%,0.474308 GB,13.1511 GB,14.6125 GB
0.9%,0.474037 GB,13.1513 GB,14.6125 GB
0.9%,0.474174 GB,13.1512 GB,14.6125 GB
0.9%,0.473587 GB,13.1515 GB,14.6125 GB
1%,0.474075 GB,13.1513 GB,14.6125 GB
1%,0.474758 GB,13.1511 GB,14.6125 GB
1%,0.474285 GB,13.1508 GB,14.6125 GB
1%,0.473881 GB,13.1517 GB,14.6125 GB
1%,0.473648 GB,13.1515 GB,14.6125 GB
1%,0.473934 GB,13.1514 GB,14.6125 GB
0.9%,0.47398 GB,13.1514 GB,14.6125 GB
0.9%,0.473415 GB,13.1517 GB,14.6125 GB
0.9%,0.474258 GB,13.1516 GB,14.6125 GB
0.9%,0.474621 GB,13.1507 GB,14.6125 GB
0.9%,0.47398 GB,13.1514 GB,14.6125 GB
0.9%,0.473793 GB,13.1511 GB,14.6125 GB
0.9%,0.473717 GB,13.1516 GB,14.6125 GB
1%,0.474022 GB,13.1511 GB,14.6125 GB
1%,0.473915 GB,13.1515 GB,14.6125 GB
1%,0.474411 GB,13.1507 GB,14.6125 GB
0.9%,0.47448 GB,13.1506 GB,14.6125 GB
0.9%,0.474331 GB,13.1508 GB,14.6125 GB
0.9%,0.473915 GB,13.1514 GB,14.6125 GB
0.9%,0.473705 GB,13.1516 GB,14.6125 GB
0.9%,0.47366 GB,13.1517 GB,14.6125 GB
0.9%,0.474201 GB,13.1509 GB,14.6125 GB
0.9%,0.473999 GB,13.1514 GB,14.6125 GB
0.9%,0.473736 GB,13.1514 GB,14.6125 GB
0.9%,0.474411 GB,13.1512 GB,14.6125 GB
0.9%,0.474045 GB,13.1513 GB,14.6125 GB
0.9%,0.473984 GB,13.1511 GB,14.6125 GB
0.9%,0.474442 GB,13.1511 GB,14.6125 GB
0.9%,0.474575 GB,13.1505 GB,14.6125 GB
0.9%,0.474358 GB,13.1508 GB,14.6125 GB
0.9%,0.474808 GB,13.1505 GB,14.6125 GB
0.9%,0.47435 GB,13.151 GB,14.6125 GB
0.9%,0.474171 GB,13.1511 GB,14.6125 GB
0.9%,0.474434 GB,13.1509 GB,14.6125 GB
0.9%,0.474701 GB,13.1506 GB,14.6125 GB
0.9%,0.47374 GB,13.1516 GB,14.6125 GB
0.9%,0.473282 GB,13.1523 GB,14.6125 GB
0.9%,0.473289 GB,13.152 GB,14.6125 GB
0.9%,0.473515 GB,13.1517 GB,14.6125 GB
0.9%,0.473988 GB,13.1515 GB,14.6125 GB
0.9%,0.474026 GB,13.151 GB,14.6125 GB
0.9%,0.474041 GB,13.1509 GB,14.6125 GB
0.9%,0.473923 GB,13.1511 GB,14.6125 GB
0.9%,0.474503 GB,13.151 GB,14.6125 GB
0.9%,0.47403 GB,13.151 GB,14.6125 GB
0.9%,0.474102 GB,13.1509 GB,14.6125 GB
0.9%,0.474087 GB,13.1511 GB,14.6125 GB
0.9%,0.47374 GB,13.1515 GB,14.6125 GB
0.9%,0.474342 GB,13.1511 GB,14.6125 GB
0.9%,0.474148 GB,13.1511 GB,14.6125 GB
0.9%,0.474194 GB,13.1511 GB,14.6125 GB
0.9%,0.474182 GB,13.1508 GB,14.6125 GB
0.9%,0.479828 GB,13.1444 GB,14.6125 GB
0.9%,0.47411 GB,13.1502 GB,14.6125 GB
0.9%,0.473782 GB,13.1505 GB,14.6125 GB
0.9%,0.473549 GB,13.1502 GB,14.6125 GB
0.9%,0.473999 GB,13.1505 GB,14.6125 GB
0.9%,0.474419 GB,13.1498 GB,14.6125 GB
0.9%,0.474224 GB,13.1503 GB,14.6125 GB
0.9%,0.474186 GB,13.1501 GB,14.6125 GB
0.9%,0.473782 GB,13.1505 GB,14.6125 GB
0.9%,0.474045 GB,13.1505 GB,14.6125 GB
0.9%,0.474007 GB,13.1505 GB,14.6125 GB
11.9%,0.502155 GB,13.122 GB,14.6125 GB
20.4%,0.490768 GB,13.1331 GB,14.6125 GB
29.4%,0.491055 GB,13.1331 GB,14.6125 GB
35.6%,0.490925 GB,13.1332 GB,14.6125 GB
37.7%,0.491394 GB,13.1328 GB,14.6125 GB
57.2%,0.544922 GB,13.0798 GB,14.6125 GB
54.7%,0.507454 GB,13.1161 GB,14.6125 GB
61.7%,0.509617 GB,13.1142 GB,14.6125 GB
66.4%,0.510494 GB,13.1136 GB,14.6125 GB
66.9%,0.50597 GB,13.1173 GB,14.6125 GB
65.4%,0.504936 GB,13.1189 GB,14.6125 GB
66.3%,0.506195 GB,13.1178 GB,14.6125 GB
66.3%,0.50581 GB,13.118 GB,14.6125 GB
66.5%,0.506348 GB,13.118 GB,14.6125 GB
65.5%,0.500618 GB,13.1229 GB,14.6125 GB
63.7%,0.494354 GB,13.1297 GB,14.6125 GB
59.6%,0.490387 GB,13.1341 GB,14.6125 GB
55.7%,0.488926 GB,13.1349 GB,14.6125 GB
52.4%,0.48793 GB,13.1363 GB,14.6125 GB
49.6%,0.487 GB,13.137 GB,14.6125 GB
46.8%,0.486477 GB,13.1373 GB,14.6125 GB
44.3%,0.486191 GB,13.1381 GB,14.6125 GB
42.5%,0.485069 GB,13.1392 GB,14.6125 GB
41.2%,0.48312 GB,13.1409 GB,14.6125 GB
41.7%,0.48769 GB,13.1361 GB,14.6125 GB
41.5%,0.487621 GB,13.1364 GB,14.6125 GB
41.2%,0.4884 GB,13.1354 GB,14.6125 GB
40.4%,0.487587 GB,13.1364 GB,14.6125 GB
40.6%,0.487278 GB,13.1365 GB,14.6125 GB
40.5%,0.4855 GB,13.1385 GB,14.6125 GB
39%,0.487015 GB,13.1368 GB,14.6125 GB
40.1%,0.488838 GB,13.1352 GB,14.6125 GB
40.4%,0.48859 GB,13.1354 GB,14.6125 GB
40.9%,0.489361 GB,13.1346 GB,14.6125 GB
41.9%,0.489475 GB,13.134 GB,14.6125 GB
42.8%,0.490665 GB,13.1331 GB,14.6125 GB
43.2%,0.489983 GB,13.134 GB,14.6125 GB
43.3%,0.488007 GB,13.1357 GB,14.6125 GB
44%,0.490707 GB,13.1336 GB,14.6125 GB
44.7%,0.491287 GB,13.1327 GB,14.6125 GB
45%,0.490376 GB,13.1336 GB,14.6125 GB
46.3%,0.490402 GB,13.1335 GB,14.6125 GB
46%,0.491013 GB,13.1329 GB,14.6125 GB
46.7%,0.489792 GB,13.1341 GB,14.6125 GB
47.6%,0.489449 GB,13.1344 GB,14.6125 GB
46.7%,0.488945 GB,13.1349 GB,14.6125 GB
45.9%,0.488235 GB,13.1356 GB,14.6125 GB
45.4%,0.48951 GB,13.1344 GB,14.6125 GB
45.6%,0.492527 GB,13.1313 GB,14.6125 GB
45%,0.489891 GB,13.134 GB,14.6125 GB
44.4%,0.487926 GB,13.1359 GB,14.6125 GB
43.8%,0.487427 GB,13.1364 GB,14.6125 GB
43.5%,0.488846 GB,13.135 GB,14.6125 GB
43.4%,0.490124 GB,13.1337 GB,14.6125 GB
43.2%,0.488461 GB,13.1351 GB,14.6125 GB
42.9%,0.488377 GB,13.1357 GB,14.6125 GB
42.5%,0.488541 GB,13.1354 GB,14.6125 GB
42.2%,0.48798 GB,13.1356 GB,14.6125 GB
42%,0.490303 GB,13.1342 GB,14.6125 GB
42.4%,0.492035 GB,13.1313 GB,14.6125 GB
21.5%,0.48262 GB,13.141 GB,14.6125 GB
33.5%,0.490273 GB,13.1338 GB,14.6125 GB
41.3%,0.492844 GB,13.131 GB,14.6125 GB
37.3%,0.4925 GB,13.1313 GB,14.6125 GB
39.8%,0.491962 GB,13.1319 GB,14.6125 GB
41.3%,0.491783 GB,13.132 GB,14.6125 GB
42.6%,0.490662 GB,13.1332 GB,14.6125 GB
42.6%,0.494335 GB,13.1295 GB,14.6125 GB
43%,0.495235 GB,13.1286 GB,14.6125 GB
43.6%,0.491604 GB,13.1322 GB,14.6125 GB
23.8%,0.485901 GB,13.1379 GB,14.6125 GB
34.3%,0.493073 GB,13.1305 GB,14.6125 GB
40.4%,0.492928 GB,13.1306 GB,14.6125 GB
43.9%,0.493538 GB,13.1303 GB,14.6125 GB
46.3%,0.493439 GB,13.1304 GB,14.6125 GB
47.9%,0.493198 GB,13.1304 GB,14.6125 GB
48.9%,0.494289 GB,13.1295 GB,14.6125 GB
49.8%,0.494289 GB,13.1295 GB,14.6125 GB
50.5%,0.494179 GB,13.1296 GB,14.6125 GB
51.3%,0.49419 GB,13.1296 GB,14.6125 GB
51.9%,0.494049 GB,13.1295 GB,14.6125 GB
52.5%,0.494137 GB,13.1297 GB,14.6125 GB
52.6%,0.494411 GB,13.1294 GB,14.6125 GB
52.8%,0.494461 GB,13.1291 GB,14.6125 GB
53.2%,0.495296 GB,13.1283 GB,14.6125 GB
53.2%,0.494606 GB,13.1292 GB,14.6125 GB
53.9%,0.495182 GB,13.1284 GB,14.6125 GB
54.1%,0.49543 GB,13.1286 GB,14.6125 GB
54.2%,0.496376 GB,13.1277 GB,14.6125 GB
54.3%,0.49564 GB,13.1282 GB,14.6125 GB
52.4%,0.495678 GB,13.1276 GB,14.6125 GB
52.6%,0.496246 GB,13.1281 GB,14.6125 GB
52.7%,0.496002 GB,13.1278 GB,14.6125 GB
53.1%,0.496586 GB,13.1269 GB,14.6125 GB
52.3%,0.495941 GB,13.1276 GB,14.6125 GB
52.6%,0.495327 GB,13.1282 GB,14.6125 GB
52.9%,0.495541 GB,13.1283 GB,14.6125 GB
52.9%,0.497322 GB,13.1267 GB,14.6125 GB
52.9%,0.496155 GB,13.1276 GB,14.6125 GB
52.9%,0.496506 GB,13.1273 GB,14.6125 GB
52.8%,0.49818 GB,13.1259 GB,14.6125 GB
52.9%,0.497192 GB,13.1266 GB,14.6125 GB
52.9%,0.496624 GB,13.1271 GB,14.6125 GB
53.1%,0.496658 GB,13.1269 GB,14.6125 GB
53.1%,0.496574 GB,13.1269 GB,14.6125 GB
53.1%,0.497185 GB,13.1266 GB,14.6125 GB
53.3%,0.498291 GB,13.1258 GB,14.6125 GB
53.3%,0.497467 GB,13.1266 GB,14.6125 GB
53.3%,0.497334 GB,13.1264 GB,14.6125 GB
27.3%,0.501377 GB,13.123 GB,14.6125 GB
28.3%,0.501926 GB,13.1219 GB,14.6125 GB
27.8%,0.501671 GB,13.1221 GB,14.6125 GB
27.6%,0.50251 GB,13.121 GB,14.6125 GB
27.3%,0.499313 GB,13.124 GB,14.6125 GB
1%,0.485806 GB,13.1382 GB,14.6125 GB
1%,0.484047 GB,13.1393 GB,14.6125 GB
1%,0.48008 GB,13.144 GB,14.6125 GB
1%,0.478016 GB,13.1455 GB,14.6125 GB
1%,0.477795 GB,13.146 GB,14.6125 GB
1%,0.473061 GB,13.1505 GB,14.6125 GB
1%,0.472378 GB,13.1517 GB,14.6125 GB
1%,0.471886 GB,13.1519 GB,14.6125 GB
1%,0.471039 GB,13.1525 GB,14.6125 GB
1%,0.47036 GB,13.1532 GB,14.6125 GB
1%,0.470184 GB,13.1536 GB,14.6125 GB
1%,0.469456 GB,13.1541 GB,14.6125 GB
1%,0.469677 GB,13.1541 GB,14.6125 GB
1%,0.469116 GB,13.1544 GB,14.6125 GB
1%,0.469799 GB,13.154 GB,14.6125 GB
1%,0.469509 GB,13.1543 GB,14.6125 GB
1%,0.469276 GB,13.1543 GB,14.6125 GB
1%,0.469421 GB,13.1544 GB,14.6125 GB
1%,0.469128 GB,13.1544 GB,14.6125 GB
1%,0.46946 GB,13.1541 GB,14.6125 GB
1%,0.46928 GB,13.1545 GB,14.6125 GB
1%,0.468739 GB,13.1551 GB,14.6125 GB
1%,0.468246 GB,13.1558 GB,14.6125 GB
1%,0.46851 GB,13.1553 GB,14.6125 GB
1%,0.468952 GB,13.1548 GB,14.6125 GB
1%,0.46867 GB,13.1551 GB,14.6125 GB
1%,0.469513 GB,13.1543 GB,14.6125 GB
1%,0.468761 GB,13.1548 GB,14.6125 GB
1%,0.46925 GB,13.1545 GB,14.6125 GB
1%,0.46891 GB,13.1549 GB,14.6125 GB
1%,0.468864 GB,13.1546 GB,14.6125 GB
1%,0.468918 GB,13.1549 GB,14.6125 GB
3%,0.46904 GB,13.1545 GB,14.6125 GB
9.5%,0.469402 GB,13.1546 GB,14.6125 GB
16.6%,0.469425 GB,13.1543 GB,14.6125 GB
20%,0.469109 GB,13.1544 GB,14.6125 GB
22.2%,0.469193 GB,13.1546 GB,14.6125 GB
23.6%,0.469193 GB,13.1546 GB,14.6125 GB
24.1%,0.469517 GB,13.1542 GB,14.6125 GB
21.2%,0.469833 GB,13.1539 GB,14.6125 GB
19%,0.469299 GB,13.1544 GB,14.6125 GB
17.3%,0.469368 GB,13.1543 GB,14.6125 GB
15.8%,0.469616 GB,13.1539 GB,14.6125 GB
13.4%,0.469482 GB,13.1545 GB,14.6125 GB
12.6%,0.469585 GB,13.1542 GB,14.6125 GB
12.1%,0.469608 GB,13.1541 GB,14.6125 GB
11.4%,0.469662 GB,13.1539 GB,14.6125 GB
10.8%,0.47039 GB,13.1533 GB,14.6125 GB
10.3%,0.469948 GB,13.1538 GB,14.6125 GB
9.8%,0.469498 GB,13.154 GB,14.6125 GB
9.4%,0.470181 GB,13.1536 GB,14.6125 GB
9%,0.470181 GB,13.1533 GB,14.6125 GB
0.9%,0.469921 GB,13.1541 GB,14.6125 GB
0.9%,0.464714 GB,13.159 GB,14.6125 GB
0.9%,0.464779 GB,13.1592 GB,14.6125 GB
0.9%,0.465313 GB,13.1584 GB,14.6125 GB
0.9%,0.46545 GB,13.1585 GB,14.6125 GB
0.6%,0.469822 GB,13.1532 GB,14.6125 GB
0.6%,0.469852 GB,13.1532 GB,14.6125 GB
0.6%,0.470005 GB,13.153 GB,14.6125 GB
0.8%,0.470306 GB,13.153 GB,14.6125 GB
0.8%,0.469967 GB,13.1533 GB,14.6125 GB
0.7%,0.469593 GB,13.1534 GB,14.6125 GB
0.7%,0.468494 GB,13.1543 GB,14.6125 GB
0.7%,0.469044 GB,13.154 GB,14.6125 GB
0.7%,0.468433 GB,13.1546 GB,14.6125 GB
0.6%,0.46851 GB,13.1545 GB,14.6125 GB
0.6%,0.467758 GB,13.1552 GB,14.6125 GB
0.6%,0.468021 GB,13.155 GB,14.6125 GB
0.6%,0.468094 GB,13.1549 GB,14.6125 GB
0.8%,0.468761 GB,13.1545 GB,14.6125 GB
0.8%,0.468098 GB,13.1547 GB,14.6125 GB
6.7%,0.507141 GB,13.094 GB,14.6125 GB
4.7%,0.48465 GB,13.1383 GB,14.6125 GB
11.2%,0.507187 GB,13.116 GB,14.6125 GB
15.4%,0.492565 GB,13.13 GB,14.6125 GB
11.6%,0.492027 GB,13.1305 GB,14.6125 GB
9.8%,0.492832 GB,13.13 GB,14.6125 GB
16.9%,0.494125 GB,13.1285 GB,14.6125 GB
28.7%,0.496048 GB,13.1265 GB,14.6125 GB
35.2%,0.49572 GB,13.1271 GB,14.6125 GB
36.2%,0.495178 GB,13.1281 GB,14.6125 GB
41.1%,0.497383 GB,13.1254 GB,14.6125 GB
43.7%,0.495731 GB,13.1274 GB,14.6125 GB
47.1%,0.496723 GB,13.1258 GB,14.6125 GB
49.8%,0.494236 GB,13.1283 GB,14.6125 GB
52.1%,0.494537 GB,13.1282 GB,14.6125 GB
52.1%,0.494793 GB,13.128 GB,14.6125 GB
54.2%,0.494991 GB,13.1278 GB,14.6125 GB
56.2%,0.495358 GB,13.1274 GB,14.6125 GB
56.3%,0.494209 GB,13.1286 GB,14.6125 GB
57.2%,0.493244 GB,13.1295 GB,14.6125 GB
58.8%,0.49419 GB,13.1286 GB,14.6125 GB
59.7%,0.49398 GB,13.1288 GB,14.6125 GB
60.4%,0.494961 GB,13.1283 GB,14.6125 GB
61.3%,0.495792 GB,13.127 GB,14.6125 GB
62.2%,0.496006 GB,13.1268 GB,14.6125 GB
60%,0.495468 GB,13.1271 GB,14.6125 GB
61%,0.495686 GB,13.1271 GB,14.6125 GB
61.8%,0.495827 GB,13.1269 GB,14.6125 GB
62.1%,0.496704 GB,13.1261 GB,14.6125 GB
62.6%,0.496845 GB,13.1262 GB,14.6125 GB
61.8%,0.494991 GB,13.1275 GB,14.6125 GB
60.4%,0.495098 GB,13.1277 GB,14.6125 GB
59.4%,0.495716 GB,13.1271 GB,14.6125 GB
58.1%,0.494282 GB,13.1282 GB,14.6125 GB
56.5%,0.494583 GB,13.1284 GB,14.6125 GB
55.3%,0.494553 GB,13.1282 GB,14.6125 GB
54.1%,0.495068 GB,13.1274 GB,14.6125 GB
53%,0.49395 GB,13.129 GB,14.6125 GB
51.9%,0.493244 GB,13.1295 GB,14.6125 GB
51%,0.494347 GB,13.1284 GB,14.6125 GB
50.8%,0.494534 GB,13.1282 GB,14.6125 GB
49.8%,0.49416 GB,13.1286 GB,14.6125 GB
49.5%,0.49543 GB,13.1273 GB,14.6125 GB
48.6%,0.49477 GB,13.128 GB,14.6125 GB
48.6%,0.497646 GB,13.1251 GB,14.6125 GB
48.8%,0.496407 GB,13.1263 GB,14.6125 GB
49.2%,0.494942 GB,13.1276 GB,14.6125 GB
49.1%,0.495487 GB,13.1272 GB,14.6125 GB
48.4%,0.495014 GB,13.1277 GB,14.6125 GB
48.1%,0.495518 GB,13.127 GB,14.6125 GB
48.3%,0.497101 GB,13.1256 GB,14.6125 GB
48.6%,0.496021 GB,13.1265 GB,14.6125 GB
48.6%,0.495865 GB,13.1269 GB,14.6125 GB
48.1%,0.495018 GB,13.1277 GB,14.6125 GB
48.2%,0.496582 GB,13.1262 GB,14.6125 GB
0.8%,0.483261 GB,13.1397 GB,14.6125 GB
40.8%,0.499321 GB,13.1237 GB,14.6125 GB
47.3%,0.49789 GB,13.1248 GB,14.6125 GB
37.9%,0.498112 GB,13.1246 GB,14.6125 GB
41.9%,0.49847 GB,13.1245 GB,14.6125 GB
44.7%,0.498474 GB,13.1242 GB,14.6125 GB
46.9%,0.499657 GB,13.1233 GB,14.6125 GB
48.2%,0.499744 GB,13.1227 GB,14.6125 GB
49.4%,0.50034 GB,13.1224 GB,14.6125 GB
50.6%,0.500725 GB,13.122 GB,14.6125 GB
51.4%,0.500698 GB,13.122 GB,14.6125 GB
52%,0.50021 GB,13.1225 GB,14.6125 GB
52.7%,0.500427 GB,13.1226 GB,14.6125 GB
53%,0.499653 GB,13.1231 GB,14.6125 GB
53.5%,0.500546 GB,13.1222 GB,14.6125 GB
53.8%,0.500835 GB,13.1221 GB,14.6125 GB
54.1%,0.501583 GB,13.1209 GB,14.6125 GB
54.3%,0.5023 GB,13.1204 GB,14.6125 GB
54.6%,0.502617 GB,13.1201 GB,14.6125 GB
54.8%,0.502705 GB,13.1203 GB,14.6125 GB
54.9%,0.501938 GB,13.1205 GB,14.6125 GB
55.1%,0.502743 GB,13.1199 GB,14.6125 GB
55.3%,0.502781 GB,13.1199 GB,14.6125 GB
55.6%,0.503284 GB,13.1194 GB,14.6125 GB
55.7%,0.503109 GB,13.1193 GB,14.6125 GB
55.7%,0.504192 GB,13.1185 GB,14.6125 GB
55.7%,0.503998 GB,13.1187 GB,14.6125 GB
55.9%,0.504105 GB,13.1186 GB,14.6125 GB
56%,0.503876 GB,13.1188 GB,14.6125 GB
56.1%,0.502914 GB,13.1198 GB,14.6125 GB
56.1%,0.502941 GB,13.1195 GB,14.6125 GB
56.3%,0.503754 GB,13.1193 GB,14.6125 GB
56.3%,0.502979 GB,13.1197 GB,14.6125 GB
56.4%,0.503933 GB,13.119 GB,14.6125 GB
56.5%,0.502766 GB,13.1199 GB,14.6125 GB
55%,0.503994 GB,13.1187 GB,14.6125 GB
54.8%,0.502926 GB,13.1193 GB,14.6125 GB
54.6%,0.503525 GB,13.1189 GB,14.6125 GB
54.8%,0.503403 GB,13.1193 GB,14.6125 GB
54.6%,0.503792 GB,13.1192 GB,14.6125 GB
54.7%,0.503792 GB,13.1191 GB,14.6125 GB
54.7%,0.503166 GB,13.1192 GB,14.6125 GB
54.8%,0.504631 GB,13.118 GB,14.6125 GB
54.9%,0.504921 GB,13.1177 GB,14.6125 GB
55%,0.504452 GB,13.1182 GB,14.6125 GB
55.1%,0.50412 GB,13.1185 GB,14.6125 GB
55.1%,0.503948 GB,13.119 GB,14.6125 GB
55.3%,0.503719 GB,13.1189 GB,14.6125 GB
55.3%,0.504536 GB,13.1181 GB,14.6125 GB
55.4%,0.50465 GB,13.1177 GB,14.6125 GB
55.4%,0.505161 GB,13.1175 GB,14.6125 GB
55.5%,0.50552 GB,13.1171 GB,14.6125 GB
0.8%,0.491707 GB,13.1307 GB,14.6125 GB
6.8%,0.489616 GB,13.1331 GB,14.6125 GB
3.8%,0.489426 GB,13.1333 GB,14.6125 GB
2.6%,0.488461 GB,13.134 GB,14.6125 GB
2.2%,0.48827 GB,13.1345 GB,14.6125 GB
1.2%,0.484608 GB,13.1379 GB,14.6125 GB
1.1%,0.483315 GB,13.1389 GB,14.6125 GB
1%,0.482941 GB,13.1398 GB,14.6125 GB
1%,0.482368 GB,13.1406 GB,14.6125 GB
1%,0.481403 GB,13.1411 GB,14.6125 GB
1%,0.481327 GB,13.1414 GB,14.6125 GB
0.9%,0.480915 GB,13.1421 GB,14.6125 GB
0.9%,0.480728 GB,13.1423 GB,14.6125 GB
0.9%,0.481022 GB,13.1419 GB,14.6125 GB
0.9%,0.481144 GB,13.1416 GB,14.6125 GB
0.9%,0.480469 GB,13.1417 GB,14.6125 GB
0.9%,0.480862 GB,13.1418 GB,14.6125 GB
0.9%,0.481033 GB,13.1419 GB,14.6125 GB
0.9%,0.481056 GB,13.1416 GB,14.6125 GB
0.9%,0.481125 GB,13.1413 GB,14.6125 GB
0.8%,0.481102 GB,13.1416 GB,14.6125 GB
0.9%,0.480629 GB,13.1423 GB,14.6125 GB
0.9%,0.480412 GB,13.142 GB,14.6125 GB
0.9%,0.480247 GB,13.1422 GB,14.6125 GB
0.9%,0.476822 GB,13.1459 GB,14.6125 GB
0.9%,0.477371 GB,13.1453 GB,14.6125 GB
0.9%,0.477131 GB,13.1455 GB,14.6125 GB
0.9%,0.47744 GB,13.1453 GB,14.6125 GB
0.9%,0.47707 GB,13.1456 GB,14.6125 GB
0.9%,0.4771 GB,13.1456 GB,14.6125 GB
0.8%,0.477264 GB,13.1457 GB,14.6125 GB
0.8%,0.477234 GB,13.1454 GB,14.6125 GB
0.8%,0.476288 GB,13.1464 GB,14.6125 GB
0.8%,0.476311 GB,13.1464 GB,14.6125 GB
0.8%,0.476791 GB,13.1459 GB,14.6125 GB
0.8%,0.476234 GB,13.1462 GB,14.6125 GB
0.8%,0.475964 GB,13.1465 GB,14.6125 GB
0.8%,0.476002 GB,13.1467 GB,14.6125 GB
0.8%,0.47628 GB,13.1461 GB,14.6125 GB
0.8%,0.475994 GB,13.1464 GB,14.6125 GB
0.8%,0.475807 GB,13.1469 GB,14.6125 GB
0.8%,0.476048 GB,13.1464 GB,14.6125 GB
0.8%,0.476463 GB,13.1462 GB,14.6125 GB
0.8%,0.477207 GB,13.1454 GB,14.6125 GB
0.8%,0.476757 GB,13.1459 GB,14.6125 GB
0.8%,0.47686 GB,13.1458 GB,14.6125 GB
